{"Name": "BarCabinets_O1e58b6dec52_lod0", "Source": "B07HSGCNGT", "Timestamp": 1594396839, "BoundingBox": {"MinPoint": {"x": -0.32326072454452515, "y": -0.23872680962085724, "z": 2.7064375899499282e-05}, "MaxPoint": {"x": 0.3232651352882385, "y": 0.2340412735939026, "z": 0.7574898600578308}}, "Type": "bar-cabinets", "Category": "bar-cabinets", "Width": 0.6465258598327637, "Length": 0.4727680832147598, "Orientation": 4.71238898038469}