{"Name": "EndTables_O7753d9b39303_lod0", "Source": "B07B7P51PW", "Timestamp": 1594396345, "BoundingBox": {"MinPoint": {"x": -0.149454265832901, "y": -0.14948736131191254, "z": 1.7307380403508432e-05}, "MaxPoint": {"x": 0.1494693160057068, "y": 0.14947201311588287, "z": 0.47974228858947754}}, "Type": "end-tables", "Category": "end-tables", "Width": 0.2989235818386078, "Length": 0.2989593744277954, "Orientation": 4.71238898038469}