{"Name": "Sofas_O567229a9f34a_lod0", "Source": "B07BKKD52Q", "Timestamp": 1594396041, "BoundingBox": {"MinPoint": {"x": -0.940324604511261, "y": -0.4682323634624481, "z": -0.00032915768679231405}, "MaxPoint": {"x": 0.940324604511261, "y": 0.4515415132045746, "z": 0.770230770111084}}, "Type": "sofas", "Category": "sofas", "Width": 1.880649209022522, "Length": 0.9197738766670227, "Orientation": 4.71238898038469}