{"Name": "VanityBenches_O5f00cb5fcbde_lod0", "Source": "B07HSG7KTN", "Timestamp": 1595949151, "BoundingBox": {"MinPoint": {"x": -0.6710500717163086, "y": -0.22822199761867523, "z": -2.6456977053612718e-08}, "MaxPoint": {"x": 0.6710500717163086, "y": 0.22871054708957672, "z": 0.6330199837684631}}, "Type": "vanity-benches", "Category": "vanity-benches", "Width": 1.3421001434326172, "Length": 0.45693254470825195, "Orientation": 4.71238898038469}