{"Name": "Bookcases_O4e13d24e8d40_lod0", "Source": "B074KKXLK1", "Timestamp": 1594394345, "BoundingBox": {"MinPoint": {"x": -0.2693953216075897, "y": -0.19752717018127441, "z": -3.731084916580585e-06}, "MaxPoint": {"x": 0.2693953216075897, "y": 0.19752979278564453, "z": 1.7321887016296387}}, "Type": "bookcases", "Category": "bookcases", "Width": 0.5387906432151794, "Length": 0.39505696296691895, "Orientation": 4.71238898038469}