{"Name": "Dressers_Oaa5814ac11e9_lod0", "Source": "B07HSHYZKN", "Timestamp": 1595342762, "BoundingBox": {"MinPoint": {"x": -0.498897910118103, "y": -0.22770290076732635, "z": -2.8967519938305486e-08}, "MaxPoint": {"x": 0.498897910118103, "y": 0.22770290076732635, "z": 1.0286791324615479}}, "Type": "dressers", "Category": "dressers", "Width": 0.997795820236206, "Length": 0.4554058015346527, "Orientation": 4.71238898038469}