{"Name": "HomeOfficeDesks_O7d77e3c4f189_lod0", "Source": "B07HSCRFTN", "Timestamp": 1594393113, "BoundingBox": {"MinPoint": {"x": -0.5953723788261414, "y": -0.44266200065612793, "z": -3.320452535149343e-08}, "MaxPoint": {"x": 0.5953723788261414, "y": 0.3264572024345398, "z": 1.0605533123016357}}, "Type": "home-office-desks", "Category": "home-office-desks", "Width": 1.1907447576522827, "Length": 0.7691192030906677, "Orientation": 4.71238898038469}