{"Name": "LivingRoomChairs_Ob03b8af5d78f_lod0", "Source": "B07P7NVGB4", "Timestamp": 1594393803, "BoundingBox": {"MinPoint": {"x": -0.42731890082359314, "y": -0.41150155663490295, "z": 6.933812255738303e-05}, "MaxPoint": {"x": 0.42731890082359314, "y": 0.38875144720077515, "z": 0.9266651272773743}}, "Type": "living-room-chairs", "Category": "living-room-chairs", "Width": 0.8546378016471863, "Length": 0.8002530038356781, "Orientation": 4.71238898038469}